部品ID,形状,寸法A_mm,寸法B_mm,中心穴径_mm,フランジ厚さ_mm,PCD_mm,ボルト穴数,ボルト穴径_mm,ハブ径_mm,ハブ長さ_mm,材質コード,材質名,加工複雑度スコア,推定原価_円,体積_mm3,重量_kg,表面処理,加工種別,製品カテゴリ
FLG001,円形穴あきフランジ,65.3,,28.1,8.2,45.1,4,8.5,,,1,S45C,1,1030,21096.7,0.166,亜鉛メッキ,旋盤・穴あけ,治具用
FLG002,円形穴あきフランジ,72.1,,33.5,9.1,52.5,4,9,,,1,S45C,2,1210,27183,0.213,黒染め,旋盤・穴あけ,機械装置用
FLG003,円形穴あきフランジ,58.9,,25.4,7.5,40.3,4,8,,,1,S45C,1,970,16649.3,0.131,なし,旋盤・穴あけ,試作用途
FLG004,円形穴あきフランジ,78.5,,38.2,9.8,58.7,4,9.5,,,1,S45C,1,1350,33707.8,0.265,亜鉛メッキ,旋盤・穴あけ,機械装置用
FLG005,円形穴あきフランジ,60.2,,26.1,8,42.1,4,8,,,1,S45C,2,1100,18018.8,0.141,なし,旋盤・穴あけ,治具用
FLG006,円形穴あきフランジ,120.5,,65.2,12.1,90.3,6,12.5,,,1,S45C,2,3470,89806,0.705,亜鉛メッキ,旋盤・穴あけ,一般配管用
FLG007,円形穴あきフランジ,105.3,,58.1,10.5,78.1,4,10,,,1,S45C,2,2630,65619.3,0.515,なし,旋盤・穴あけ,機械装置用
FLG008,円形穴あきフランジ,142.1,,75.4,14.5,110.3,6,14,,,1,S45C,3,5040,148821.1,1.168,黒染め,機械加工一式,一般配管用
FLG009,円形穴あきフランジ,110.9,,60.2,11,85.7,4,10.5,,,1,S45C,2,2940,75845.1,0.595,亜鉛メッキ,旋盤・穴あけ,機械装置用
FLG010,円形穴あきフランジ,135.2,,70.1,13,100.1,6,12,,,1,S45C,3,4310,122247.5,0.96,なし,機械加工一式,一般配管用
FLG011,円形穴あきフランジ,121.8,,66.2,12.2,93.1,4,12.8,,,2,SUS304,3,8200,90993.3,0.726,研磨,機械加工一式,一般配管用
FLG012,円形穴あきフランジ,106.9,,59.9,10.6,81.5,4,10.2,,,2,SUS304,2,6410,66317.7,0.529,なし,旋盤・穴あけ,機械装置用
FLG013,円形穴あきフランジ,143.2,,76.8,14.6,112.3,6,14.2,,,2,SUS304,4,12600,150004.1,1.197,研磨,機械加工一式,一般配管用
FLG014,円形穴あきフランジ,112.3,,61.7,11.1,87.2,4,10.6,,,2,SUS304,3,7350,76379.8,0.609,なし,機械加工一式,機械装置用
FLG015,円形穴あきフランジ,136.5,,72.3,13.3,103.1,6,12.3,,,2,SUS304,3,9980,126362.8,1.008,研磨,機械加工一式,一般配管用
FLG016,円形穴あきフランジ,220.5,,130.2,22.1,170.3,8,16.5,,,1,S45C,4,14200,440842,3.461,亜鉛メッキ,機械加工一式,一般配管用
FLG017,円形穴あきフランジ,205.3,,120.1,20.5,158.1,8,16,,,1,S45C,3,11550,365875.7,2.872,なし,機械加工一式,一般配管用
FLG018,円形穴あきフランジ,242.1,,145.4,24.5,190.3,12,18,,,1,S45C,5,19950,587803.2,4.614,黒染め,鍛造＋機械加工,機械装置用
FLG019,円形穴あきフランジ,90.5,,40.2,9.1,65.3,6,10.5,,,3,A5052,2,4000,45258.2,0.121,アルマイト,旋盤・穴あけ,治具用
FLG020,円形穴あきフランジ,165.3,,88.1,15.5,125.1,8,13,,,3,A5052,3,9660,224109.9,0.601,なし,機械加工一式,機械装置用
FLG021,円形穴あきフランジ,75.4,,35.4,8.5,55.3,4,9,,,3,A5052,2,3050,28577.5,0.077,アルマイト,旋盤・穴あけ,試作用途
FLG022,円形穴あきフランジ,178.5,,98.2,17.8,140.7,8,14.5,,,3,A5052,4,12080,293444.1,0.786,なし,機械加工一式,機械装置用
FLG023,円形穴あきフランジ,130.2,,60.1,12,95.1,6,11,,,3,A5052,3,6830,115889.6,0.311,アルマイト,機械加工一式,治具用
FLG024,円形穴あきフランジ,45.8,,18.2,6.1,30.4,4,6,,,2,SUS304,2,2420,8082.5,0.064,研磨,旋盤・穴あけ,試作用途
FLG025,円形穴あきフランジ,155.2,,90.4,13.5,120.3,10,12,,,3,A5052,4,10300,180140.8,0.483,アルマイト,機械加工一式,機械装置用
FLG026,円形穴あきフランジ,88.6,,50.1,14.5,65.9,6,11,,,1,S45C,3,4410,64491.9,0.506,黒染め,機械加工一式,治具用
FLG027,円形穴あきフランジ,190.3,,95.8,18.9,140.1,8,15,,,2,SUS304,5,18380,363469.4,2.899,研磨,鍛造＋機械加工,機械装置用
FLG028,円形穴あきフランジ,100,,45,10,70,4,10,,,1,S45C,2,2500,61086.5,0.48,なし,旋盤・穴あけ,機械装置用
FLG029,円形穴あきフランジ,150,,75,15,110,6,14,,,2,SUS304,3,10500,147262,1.175,研磨,機械加工一式,一般配管用
FLG030,円形穴あきフランジ,200,,100,20,150,8,18,,,3,A5052,4,15000,471238.9,1.263,アルマイト,機械加工一式,機械装置用
FLG031,円形穴あきフランジ,80,,30,9,55,4,8,,,1,S45C,1,1100,33929.2,0.266,亜鉛メッキ,旋盤・穴あけ,治具用
FLG032,円形穴あきフランジ,130,,60,12,95,6,12,,,2,SUS304,2,7500,103672.6,0.827,なし,旋盤・穴あけ,一般配管用
FLG033,円形穴あきフランジ,180,,90,18,135,8,16,,,3,A5052,3,12000,305362.8,0.818,なし,機械加工一式,機械装置用
FLG034,円形穴あきフランジ,60,,20,7,40,4,6,,,1,S45C,1,800,17592.9,0.138,黒染め,旋盤・穴あけ,試作用途
FLG035,円形穴あきフランジ,110,,50,11,80,4,10,,,2,SUS304,2,5500,66503.2,0.531,研磨,旋盤・穴あけ,機械装置用
FLG036,円形穴あきフランジ,160,,80,16,120,6,14,,,3,A5052,3,10000,241274.3,0.647,アルマイト,機械加工一式,一般配管用
FLG037,円形穴あきフランジ,220,,120,22,170,8,20,,,1,S45C,4,17000,506600.3,3.977,なし,機械加工一式,一般配管用
FLG038,円形穴あきフランジ,70,,30,8,50,4,8,,,2,SUS304,1,3000,25132.7,0.2,なし,旋盤・穴あけ,治具用
FLG039,円形穴あきフランジ,125,,60,13,90,6,12,,,3,A5052,2,7000,110446.6,0.296,なし,旋盤・穴あけ,機械装置用
FLG040,円形穴あきフランジ,175,,80,17,130,8,16,,,1,S45C,3,11500,321099.6,2.521,亜鉛メッキ,機械加工一式,一般配管用
FLG041,円形穴あきフランジ,95,,40,9.5,65,4,9,,,2,SUS304,2,5000,54075.9,0.432,研磨,旋盤・穴あけ,機械装置用
FLG042,円形穴あきフランジ,140,,70,14,100,6,14,,,3,A5052,3,8500,169331.8,0.454,アルマイト,機械加工一式,一般配管用
FLG043,円形穴あきフランジ,190,,90,19,140,8,18,,,1,S45C,4,14000,403090.3,3.164,黒染め,機械加工一式,一般配管用
FLG044,円形穴あきフランジ,240,,130,24,180,10,22,,,2,SUS304,5,25000,633345.1,5.054,なし,鍛造＋機械加工,機械装置用
FLG045,円形穴あきフランジ,50,,15,6,35,4,6,,,3,A5052,1,1500,9032.1,0.024,なし,旋盤・穴あけ,試作用途
FLG046,円形穴あきフランジ,115,,55,11.5,85,6,11,,,1,S45C,2,4500,82703.8,0.649,亜鉛メッキ,旋盤・穴あけ,一般配管用
FLG047,円形穴あきフランジ,165,,75,16.5,125,8,15,,,2,SUS304,3,12000,269914.3,2.154,研磨,機械加工一式,機械装置用
FLG048,円形穴あきフランジ,210,,110,21,160,8,20,,,3,A5052,4,18000,435755.7,1.168,アルマイト,機械加工一式,一般配管用
FLG049,円形穴あきフランジ,250,,150,25,190,12,24,,,1,S45C,5,28000,785398.2,6.165,黒染め,鍛造＋機械加工,機械装置用
FLG050,円形穴あきフランジ,230,,100,20,180,10,20,,,1,S45C,4,25000,659734.5,5.179,黒染め,鍛造＋機械加工,機械装置用
FLG051,角形穴あきフランジ,80,80,30,10,55,4,8,,,1,S45C,2,1900,56929.2,0.447,亜鉛メッキ,機械加工一式,治具用
FLG052,角形穴あきフランジ,100,100,40,12,70,4,10,,,1,S45C,2,2900,104867.3,0.823,黒染め,機械加工一式,機械装置用
FLG053,角形穴あきフランジ,120,120,50,15,85,4,12,,,2,SUS304,3,7300,186172.6,1.486,研磨,機械加工一式,機械装置用
FLG054,角形穴あきフランジ,70,70,25,8,50,4,7,,,3,A5052,2,1800,35270.5,0.094,アルマイト,旋盤・穴あけ,試作用途
FLG055,角形穴あきフランジ,150,150,70,20,110,4,16,,,1,S45C,4,8200,371902.7,2.918,なし,鍛造＋機械加工,機械装置用
FLG056,角形穴あきフランジ,90,90,35,11,60,4,9,,,2,SUS304,2,4400,77341.9,0.617,なし,機械加工一式,治具用
FLG057,角形穴あきフランジ,110,110,45,13,75,4,11,,,3,A5052,3,5100,131438.1,0.352,アルマイト,機械加工一式,機械装置用
FLG058,角形穴あきフランジ,130,130,60,18,95,4,14,,,1,S45C,3,6000,253998.2,1.994,黒染め,機械加工一式,一般配管用
FLG059,角形穴あきフランジ,60,60,20,7,40,4,6,,,1,S45C,1,1250,22979.2,0.18,亜鉛メッキ,旋盤・穴あけ,治具用
FLG060,角形穴あきフランジ,140,140,65,19,100,4,15,,,2,SUS304,4,10500,292552.6,2.335,研磨,機械加工一式,機械装置用
FLG061,角形穴あきフランジ,75,75,28,9,52,4,7.5,,,3,A5052,2,2300,44143.3,0.118,なし,旋盤・穴あけ,試作用途
FLG062,角形穴あきフランジ,105,105,42,12.5,72,4,10.5,,,1,S45C,3,3600,120689.7,0.947,黒染め,機械加工一式,機械装置用
FLG063,角形穴あきフランジ,125,125,55,16,90,4,13,,,2,SUS304,3,8200,211023.9,1.684,なし,機械加工一式,一般配管用
FLG064,角形穴あきフランジ,85,85,32,10.5,58,4,8.5,,,3,A5052,2,3100,63318.1,0.17,アルマイト,機械加工一式,治具用
FLG065,角形穴あきフランジ,160,160,75,22,120,4,18,,,1,S45C,4,9800,443839.8,3.484,亜鉛メッキ,鍛造＋機械加工,機械装置用
FLG066,角形穴あきフランジ,65,65,22,7.5,45,4,6.5,,,2,SUS304,1,2200,28190.6,0.225,研磨,旋盤・穴あけ,試作用途
FLG067,角形穴あきフランジ,95,95,38,11.5,65,4,9.5,,,3,A5052,2,3800,88957.6,0.238,なし,機械加工一式,機械装置用
FLG068,角形穴あきフランジ,115,115,48,14,80,4,11.5,,,1,S45C,3,4800,156016.8,1.225,黒染め,機械加工一式,一般配管用
FLG069,角形穴あきフランジ,135,135,62,18.5,100,4,14.5,,,2,SUS304,4,9500,277057.2,2.211,研磨,機械加工一式,機械装置用
FLG070,角形穴あきフランジ,100,100,50,12,70,8,8,,,1,S45C,3,3500,96460.2,0.757,なし,機械加工一式,治具用
FLG071,長方形穴あきフランジ,100,80,30,10,P60x40,4,8,,,1,S45C,2,2400,72929.2,0.572,亜鉛メッキ,機械加工一式,治具用
FLG072,長方形穴あきフランジ,120,100,40,12,P80x60,4,10,,,1,S45C,2,3500,129867.3,1.019,黒染め,機械加工一式,機械装置用
FLG073,長方形穴あきフランジ,150,120,50,15,P100x80,6,12,,,2,SUS304,3,9000,240172.6,1.917,研磨,機械加工一式,機械装置用
FLG074,長方形穴あきフランジ,90,70,25,8,P50x30,4,7,,,3,A5052,2,2200,46470.5,0.125,アルマイト,旋盤・穴あけ,試作用途
FLG075,長方形穴あきフランジ,180,150,70,20,P130x100,8,16,,,1,S45C,4,10000,461902.7,3.626,なし,鍛造＋機械加工,機械装置用
FLG076,長方形穴あきフランジ,110,90,35,11,P70x50,4,9,,,2,SUS304,2,5400,97141.9,0.775,なし,機械加工一式,治具用
FLG077,長方形穴あきフランジ,130,110,45,13,P90x70,6,11,,,3,A5052,3,6200,160438.1,0.43,アルマイト,機械加工一式,機械装置用
FLG078,長方形穴あきフランジ,160,130,60,18,P110x90,6,14,,,1,S45C,3,7300,322998.2,2.535,黒染め,機械加工一式,一般配管用
FLG079,長方形穴あきフランジ,80,60,20,7,P40x20,4,6,,,1,S45C,1,1500,29979.2,0.235,亜鉛メッキ,旋盤・穴あけ,治具用
FLG080,長方形穴あきフランジ,170,140,65,19,P120x90,8,15,,,2,SUS304,4,12500,360552.6,2.877,研磨,機械加工一式,機械装置用
FLG081,長方形穴あきフランジ,85,70,28,9,P55x35,4,7.5,,,3,A5052,2,2800,46943.3,0.126,なし,旋盤・穴あけ,試作用途
FLG082,長方形穴あきフランジ,125,95,42,12.5,P85x55,6,10.5,,,1,S45C,3,4400,131218.3,1.03,黒染め,機械加工一式,機械装置用
FLG083,長方形穴あきフランジ,140,115,55,16,P100x75,6,13,,,2,SUS304,3,9800,216373.9,1.727,なし,機械加工一式,一般配管用
FLG084,長方形穴あきフランジ,105,85,32,10.5,P65x45,4,8.5,,,3,A5052,2,3800,79718.1,0.214,アルマイト,機械加工一式,治具用
FLG085,長方形穴あきフランジ,200,160,75,22,P150x110,8,18,,,1,S45C,4,12000,586839.8,4.607,亜鉛メッキ,鍛造＋機械加工,機械装置用
FLG086,長方形穴あきフランジ,70,50,22,7.5,P35x25,4,6.5,,,2,SUS304,1,2600,23540.6,0.188,研磨,旋盤・穴あけ,試作用途
FLG087,長方形穴あきフランジ,115,75,38,11.5,P75x45,6,9.5,,,3,A5052,2,4600,84707.6,0.227,なし,機械加工一式,機械装置用
FLG088,長方形穴あきフランジ,135,105,48,14,P95x65,6,11.5,,,1,S45C,3,5800,173016.8,1.358,黒染め,機械加工一式,一般配管用
FLG089,長方形穴あきフランジ,155,125,62,18.5,P115x85,8,14.5,,,2,SUS304,4,11500,305057.2,2.434,研磨,機械加工一式,機械装置用
FLG090,長方形穴あきフランジ,100,100,40,12,P70x70,6,9,,,1,S45C,3,4000,104867.3,0.823,なし,機械加工一式,治具用
FLG091,円形ハブフランジ,100,,40,12,70,4,10,60,15,1,S45C,3,4500,81812,0.642,亜鉛メッキ,機械加工一式,一般配管用
FLG092,円形ハブフランジ,120,,50,15,85,6,12,70,20,1,S45C,4,7000,133691.3,1.049,黒染め,鍛造＋機械加工,機械装置用
FLG093,円形ハブフランジ,150,,70,20,110,8,16,90,25,2,SUS304,5,15000,252639.4,2.016,研磨,鍛造＋機械加工,機械装置用
FLG094,円形ハブフランジ,80,,30,10,55,4,8,50,12,3,A5052,3,3800,43133.6,0.116,アルマイト,機械加工一式,機械装置用
FLG095,円形ハブフランジ,180,,80,22,130,8,18,110,30,1,S45C,5,13000,396879.5,3.115,なし,鍛造＋機械加工,一般配管用
FLG096,円形ハブフランジ,110,,45,13,75,4,11,65,18,2,SUS304,4,8000,98736.4,0.788,なし,機械加工一式,機械装置用
FLG097,円形ハブフランジ,130,,60,18,95,6,14,80,22,3,A5052,4,9500,180408.7,0.483,アルマイト,鍛造＋機械加工,機械装置用
FLG098,円形ハブフランジ,160,,75,20,120,8,16,100,28,1,S45C,5,11000,311497.8,2.445,黒染め,鍛造＋機械加工,一般配管用
FLG099,円形ハブフランジ,90,,35,11,60,4,9,55,14,1,S45C,3,4000,60483,0.475,亜鉛メッキ,機械加工一式,機械装置用
FLG100,円形ハブフランジ,140,,65,19,100,6,15,85,24,2,SUS304,5,12000,210386.8,1.679,研磨,鍛造＋機械加工,機械装置用
FLG101,円形ハブフランジ,70,,25,9,50,4,7,45,10,3,A5052,3,3000,30013.2,0.08,アルマイト,機械加工一式,治具用
FLG102,円形ハブフランジ,105,,42,12.5,72,4,10.5,62,16,1,S45C,4,5500,91479.2,0.718,なし,機械加工一式,一般配管用
FLG103,円形ハブフランジ,125,,55,16,90,6,13,75,20,2,SUS304,4,9000,154276.7,1.231,なし,機械加工一式,機械装置用
FLG104,円形ハブフランジ,170,,78,21,125,8,17,105,28,3,A5052,5,14000,330152,0.885,アルマイト,鍛造＋機械加工,機械装置用
FLG105,円形ハブフランジ,200,,90,25,150,8,20,120,35,1,S45C,5,18000,529755.5,4.158,黒染め,鍛造＋機械加工,一般配管用
FLG106,円形ハブフランジ,115,,48,14,80,4,11.5,68,18,2,SUS304,4,8500,111784.9,0.892,研磨,機械加工一式,機械装置用
FLG107,円形ハブフランジ,135,,62,18.5,100,6,14.5,82,23,3,A5052,5,11000,199860,0.536,なし,鍛造＋機械加工,機械装置用
FLG108,円形ハブフランジ,190,,85,23,140,8,19,115,32,1,S45C,5,15500,458877.5,3.602,亜鉛メッキ,鍛造＋機械加工,一般配管用
FLG109,円形ハブフランジ,100,,50,12,70,6,10,70,15,1,S45C,4,5000,84823,0.666,なし,機械加工一式,機械装置用
FLG110,円形ハブフランジ,120,,60,14,85,8,11,80,18,2,SUS304,5,10000,131946.9,1.053,研磨,鍛造＋機械加工,一般配管用
FLG111,円形ブラインドフランジ,80,,0,10,55,4,10,,,1,S45C,2,1500,50265.5,0.395,亜鉛メッキ,旋盤・穴あけ,閉止用
FLG112,円形ブラインドフランジ,100,,0,12,70,4,12,,,1,S45C,2,2200,94247.8,0.74,黒染め,旋盤・穴あけ,閉止用
FLG113,円形ブラインドフランジ,120,,0,15,85,6,14,,,2,SUS304,3,5500,169646,1.354,研磨,機械加工一式,閉止用
FLG114,円形ブラインドフランジ,70,,0,8,50,4,8,,,3,A5052,1,1200,30787.6,0.082,アルマイト,旋盤・穴あけ,閉止用
FLG115,円形ブラインドフランジ,150,,0,20,110,8,18,,,1,S45C,3,7000,353429.2,2.774,なし,機械加工一式,閉止用
FLG116,円形ブラインドフランジ,90,,0,11,60,4,11,,,2,SUS304,2,3000,70685.8,0.564,なし,旋盤・穴あけ,閉止用
FLG117,円形ブラインドフランジ,110,,0,13,75,6,13,,,3,A5052,2,4000,123150,0.33,アルマイト,機械加工一式,閉止用
FLG118,円形ブラインドフランジ,130,,0,18,95,6,16,,,1,S45C,3,6000,238837.1,1.875,黒染め,機械加工一式,閉止用
FLG119,円形ブラインドフランジ,60,,0,7,40,4,7,,,1,S45C,1,1000,19792,0.155,亜鉛メッキ,旋盤・穴あけ,閉止用
FLG120,円形ブラインドフランジ,140,,0,19,100,8,16,,,2,SUS304,3,8000,292632.7,2.335,研磨,機械加工一式,閉止用
FLG121,円形ブラインドフランジ,75,,0,9,52,4,9,,,3,A5052,1,1500,39760.8,0.107,なし,旋盤・穴あけ,閉止用
FLG122,円形ブラインドフランジ,105,,0,12.5,72,4,12.5,,,1,S45C,2,2500,109023.2,0.856,黒染め,旋盤・穴あけ,閉止用
FLG123,円形ブラインドフランジ,125,,0,16,90,6,15,,,2,SUS304,3,6000,196349.5,1.567,なし,機械加工一式,閉止用
FLG124,円形ブラインドフランジ,85,,0,10.5,58,4,10.5,,,3,A5052,2,2000,59472.3,0.159,アルマイト,旋盤・穴あけ,閉止用
FLG125,円形ブラインドフランジ,160,,0,22,120,8,20,,,1,S45C,4,9000,442336.2,3.472,亜鉛メッキ,機械加工一式,閉止用
FLG126,円形ブラインドフランジ,65,,0,7.5,45,4,7.5,,,2,SUS304,1,1300,24940.3,0.199,研磨,旋盤・穴あけ,閉止用
FLG127,円形ブラインドフランジ,95,,0,11.5,65,4,11.5,,,3,A5052,2,2500,81863.2,0.219,なし,旋盤・穴あけ,閉止用
FLG128,円形ブラインドフランジ,115,,0,14,80,6,14,,,1,S45C,2,3500,145743.1,1.144,黒染め,機械加工一式,閉止用
FLG129,円形ブラインドフランジ,135,,0,18.5,100,6,17,,,2,SUS304,3,7000,265071.8,2.115,研磨,機械加工一式,閉止用
FLG130,円形ブラインドフランジ,180,,0,25,135,10,22,,,1,S45C,4,11000,636172.5,4.995,なし,鍛造＋機械加工,閉止用
FLG131,角形穴あきフランジ,50,50,15,6,35,4,6,,,1,S45C,1,1000,13932.1,0.109,なし,旋盤・穴あけ,試作用途
FLG132,角形穴あきフランジ,170,170,80,23,130,6,20,,,2,SUS304,5,13000,549251.3,4.383,研磨,鍛造＋機械加工,機械装置用
FLG133,長方形穴あきフランジ,220,180,80,25,P170x130,10,20,,,3,A5052,5,16000,864159.2,2.316,アルマイト,鍛造＋機械加工,大型装置用
FLG134,円形ハブフランジ,220,,100,28,170,10,22,140,40,1,S45C,5,22000,745041.9,5.849,亜鉛メッキ,鍛造＋機械加工,高圧配管用
FLG135,円形ブラインドフランジ,200,,0,30,150,12,24,,,2,SUS304,4,15000,942477.8,7.521,なし,鍛造＋機械加工,検査用治具
FLG136,角形穴あきフランジ,40,40,10,5,30,4,5,,,3,A5052,1,800,7216.9,0.019,アルマイト,旋盤・穴あけ,小型治具
FLG137,長方形穴あきフランジ,60,40,15,6,P30x20,4,5,,,1,S45C,1,1100,13132.1,0.103,黒染め,旋盤・穴あけ,小型機械部品
FLG138,円形ハブフランジ,50,,15,8,35,4,6,30,8,2,SUS304,3,3500,14150.2,0.113,研磨,機械加工一式,小型ポンプ用
FLG139,円形ブラインドフランジ,220,,0,28,170,10,20,,,3,A5052,4,13000,1064336.2,2.853,なし,機械加工一式,特殊タンク用
FLG140,角形穴あきフランジ,200,200,100,25,150,8,20,,,1,S45C,5,15000,785398.2,6.165,なし,鍛造＋機械加工,大型フレーム用
FLG141,円形穴あきフランジ,280,,150,30,220,12,28,,,1,S45C,5,35000,1266316.2,9.941,亜鉛メッキ,鍛造＋機械加工,大型配管用
FLG142,円形穴あきフランジ,300,,180,32,240,12,30,,,2,SUS304,5,55000,1367093.7,10.909,研磨,鍛造＋機械加工,プラント設備用
FLG143,角形穴あきフランジ,250,250,130,30,190,8,24,,,3,A5052,5,28000,1371138.1,3.675,アルマイト,鍛造＋機械加工,建設機械用
FLG144,長方形穴あきフランジ,300,200,100,28,P220x140,12,22,,,1,S45C,5,32000,1459238.9,11.455,黒染め,鍛造＋機械加工,船舶部品用
FLG145,円形ハブフランジ,250,,120,30,190,12,24,160,45,2,SUS304,5,45000,1002307,7.998,なし,鍛造＋機械加工,化学プラント用
FLG146,円形ブラインドフランジ,280,,0,35,220,12,28,,,1,S45C,5,30000,2155132.5,16.918,亜鉛メッキ,鍛造＋機械加工,圧力容器用
FLG147,角形穴あきフランジ,30,30,8,4,20,4,4,,,2,SUS304,1,1500,3391.2,0.027,研磨,旋盤・穴あけ,精密部品
FLG148,長方形穴あきフランジ,250,150,80,22,P180x100,10,18,,,3,A5052,4,20000,690295.3,1.85,なし,機械加工一式,搬送装置用
FLG149,円形ハブフランジ,30,,10,5,20,4,4,20,5,1,S45C,2,2000,3063.1,0.024,なし,機械加工一式,小型モーター用
FLG150,円形ブラインドフランジ,300,,0,40,240,16,30,,,3,A5052,5,35000,2827433.4,7.577,アルマイト,鍛造＋機械加工,大型試験装置
FLG151,円形穴あきフランジ,320,,200,35,260,16,30,,,1,S45C,5,60000,1731836.1,13.595,黒染め,鍛造＋機械加工,風力発電部品
FLG152,角形穴あきフランジ,280,280,150,32,220,12,26,,,2,SUS304,5,48000,1935782.2,15.448,研磨,鍛造＋機械加工,半導体製造装置
FLG153,長方形穴あきフランジ,320,220,120,30,P250x160,14,24,,,1,S45C,5,40000,1770840.6,13.901,亜鉛メッキ,鍛造＋機械加工,橋梁部品
FLG154,円形ハブフランジ,280,,150,32,220,12,28,190,50,2,SUS304,5,65000,1405901.5,11.219,なし,鍛造＋機械加工,船舶エンジン用
FLG155,円形ブラインドフランジ,320,,0,45,260,16,32,,,1,S45C,5,42000,3619114.7,28.41,なし,鍛造＋機械加工,研究施設用
FLG156,円形穴あきフランジ,350,,220,40,280,16,33,,,2,SUS304,5,80000,2345707.8,18.719,研磨,鍛造＋機械加工,海洋構造物
FLG157,角形穴あきフランジ,300,300,180,35,240,12,28,,,1,S45C,5,55000,2105715,16.53,黒染め,鍛造＋機械加工,大型プレス機
FLG158,長方形穴あきフランジ,350,250,150,35,P280x180,16,26,,,2,SUS304,5,70000,2415392.6,19.275,なし,鍛造＋機械加工,鉄道車両部品
FLG159,円形ハブフランジ,300,,180,35,240,16,30,220,55,1,S45C,5,75000,1845607.4,14.488,亜鉛メッキ,鍛造＋機械加工,ガスタービン部品
FLG160,円形ブラインドフランジ,350,,0,50,280,20,33,,,2,SUS304,5,65000,4809977.2,38.384,研磨,鍛造＋機械加工,原子力部品
FLG161,円形穴あきフランジ,55,,20,6.5,38,4,6.5,,,1,S45C,1,900,14315.8,0.112,亜鉛メッキ,旋盤・穴あけ,治具用
FLG162,角形穴あきフランジ,55,55,20,6.5,38,4,6.5,,,1,S45C,1,1100,19922.8,0.156,黒染め,旋盤・穴あけ,小型部品
FLG163,長方形穴あきフランジ,65,45,20,6.5,P35x25,4,6.5,,,2,SUS304,1,2000,17009.6,0.136,研磨,旋盤・穴あけ,小型機械部品
FLG164,円形ハブフランジ,55,,20,6.5,38,4,6.5,35,7,3,A5052,2,2800,16555.6,0.044,アルマイト,機械加工一式,精密機器用
FLG165,円形ブラインドフランジ,55,,0,6.5,38,4,6.5,,,1,S45C,1,800,15460.5,0.121,なし,旋盤・穴あけ,閉止用
FLG166,円形穴あきフランジ,170,,80,17,128,8,16,,,1,S45C,3,11000,305429.2,2.398,黒染め,機械加工一式,一般配管用
FLG167,角形穴あきフランジ,175,175,80,24,135,8,19,,,2,SUS304,5,14000,591358.4,4.719,研磨,鍛造＋機械加工,機械装置用
FLG168,長方形穴あきフランジ,230,190,90,26,P180x140,10,20,,,3,A5052,5,17000,936755.9,2.511,アルマイト,鍛造＋機械加工,大型装置用
FLG169,円形ハブフランジ,230,,110,29,180,10,23,150,42,1,S45C,5,24000,821430.7,6.448,亜鉛メッキ,鍛造＋機械加工,高圧配管用
FLG170,円形ブラインドフランジ,210,,0,32,160,12,22,,,2,SUS304,4,16000,1108354,8.845,なし,鍛造＋機械加工,検査用治具
FLG171,角形穴あきフランジ,45,45,12,5.5,32,4,5.5,,,3,A5052,1,900,9467.3,0.025,アルマイト,旋盤・穴あけ,小型治具
FLG172,長方形穴あきフランジ,70,50,18,6.5,P40x30,4,5.5,,,1,S45C,1,1200,16097.7,0.126,黒染め,旋盤・穴あけ,小型機械部品
FLG173,円形ハブフランジ,60,,20,7,40,4,6,38,7.5,2,SUS304,3,3800,19496.1,0.156,研磨,機械加工一式,小型ポンプ用
FLG174,円形ブラインドフランジ,230,,0,30,180,10,21,,,3,A5052,4,14000,1246898.1,3.342,なし,機械加工一式,特殊タンク用
FLG175,角形穴あきフランジ,210,210,110,26,160,8,21,,,1,S45C,5,16000,882631.8,6.929,なし,鍛造＋機械加工,大型フレーム用
FLG176,円形穴あきフランジ,290,,160,31,230,12,29,,,1,S45C,5,38000,1388026.1,10.896,亜鉛メッキ,鍛造＋機械加工,大型配管用
FLG177,円形穴あきフランジ,310,,190,33,250,12,31,,,2,SUS304,5,58000,1476367.4,11.781,研磨,鍛造＋機械加工,プラント設備用
FLG178,角形穴あきフランジ,260,260,140,31,200,8,25,,,3,A5052,5,30000,1580912.4,4.237,アルマイト,鍛造＋機械加工,建設機械用
FLG179,長方形穴あきフランジ,310,210,110,29,P230x150,12,23,,,1,S45C,5,35000,1586079.2,12.451,黒染め,鍛造＋機械加工,船舶部品用
FLG180,円形ハブフランジ,260,,130,31,200,12,25,170,48,2,SUS304,5,50000,1162393,9.276,なし,鍛造＋機械加工,化学プラント用
FLG181,円形ブラインドフランジ,290,,0,38,230,12,29,,,1,S45C,5,33000,2511953.9,19.719,亜鉛メッキ,鍛造＋機械加工,圧力容器用
FLG182,角形穴あきフランジ,35,35,9,4.5,25,4,4.5,,,2,SUS304,1,1600,4621.9,0.037,研磨,旋盤・穴あけ,精密部品
FLG183,長方形穴あきフランジ,260,160,90,23,P190x110,10,19,,,3,A5052,4,22000,768431.3,2.06,なし,機械加工一式,搬送装置用
FLG184,円形ハブフランジ,35,,12,5.5,25,4,4.5,22,5.5,1,S45C,2,2200,3945.4,0.031,なし,機械加工一式,小型モーター用
FLG185,円形ブラインドフランジ,310,,0,42,250,16,31,,,3,A5052,5,38000,3174346.2,8.507,アルマイト,鍛造＋機械加工,大型試験装置
FLG186,円形穴あきフランジ,330,,210,36,270,16,31,,,1,S45C,5,63000,1883084.9,14.782,黒染め,鍛造＋機械加工,風力発電部品
FLG187,角形穴あきフランジ,290,290,160,33,230,12,27,,,2,SUS304,5,52000,2181331.9,17.407,研磨,鍛造＋機械加工,半導体製造装置
FLG188,長方形穴あきフランジ,330,230,130,31,P260x170,14,25,,,1,S45C,5,43000,1893467.4,14.864,亜鉛メッキ,鍛造＋機械加工,橋梁部品
FLG189,円形ハブフランジ,290,,160,33,230,12,29,200,52,2,SUS304,5,70000,1595481,12.732,なし,鍛造＋機械加工,船舶エンジン用
FLG190,円形ブラインドフランジ,330,,0,48,270,16,33,,,1,S45C,5,45000,4101850.4,32.2,なし,鍛造＋機械加工,研究施設用
FLG191,円形穴あきフランジ,360,,230,42,290,16,34,,,2,SUS304,5,85000,2522870.3,20.132,研磨,鍛造＋機械加工,海洋構造物
FLG192,角形穴あきフランジ,310,310,190,36,250,12,29,,,1,S45C,5,60000,2312310.6,18.152,黒染め,鍛造＋機械加工,大型プレス機
FLG193,長方形穴あきフランジ,360,260,160,36,P290x190,16,27,,,2,SUS304,5,75000,2606146.9,20.797,なし,鍛造＋機械加工,鉄道車両部品
FLG194,円形ハブフランジ,310,,190,36,250,16,31,230,58,1,S45C,5,80000,2053675.7,16.121,亜鉛メッキ,鍛造＋機械加工,ガスタービン部品
FLG195,円形ブラインドフランジ,360,,0,52,290,20,34,,,2,SUS304,5,70000,5299610,42.291,研磨,鍛造＋機械加工,原子力部品
FLG196,円形穴あきフランジ,380,,240,45,300,20,35,,,1,S45C,5,95000,2998129.3,23.535,黒染め,鍛造＋機械加工,大型プラント
FLG197,角形穴あきフランジ,330,330,200,38,260,16,30,,,2,SUS304,5,80000,2800301.8,22.346,研磨,鍛造＋機械加工,特殊車両
FLG198,長方形穴あきフランジ,380,280,180,38,P310x210,18,28,,,1,S45C,5,90000,3005504.2,23.593,亜鉛メッキ,鍛造＋機械加工,建設機械
FLG199,円形ハブフランジ,330,,200,38,260,16,32,250,60,2,SUS304,5,98000,2419609.5,19.308,なし,鍛造＋機械加工,エネルギー設備
FLG200,円形ブラインドフランジ,380,,0,55,300,20,35,,,1,S45C,5,85000,6269081.2,49.212,黒染め,鍛造＋機械加工,大型タンク